ID_placówki;Nazwa_firmy;NIP;Województwo;Miasto;Adres_w_rekordzie;Czy_POZ_w_Specjalizacji
751364000002283633;SMILEUP SPÓŁKA Z OGRANICZONĄ ODPOWIEDZIALNOŚCIĄ;5223068233;mazowieckie;Warszawa;Siedziba i Filia;True
751364000005388304;"""HIT MEDICA"" SPÓŁKA Z OGRANICZONĄ ODPOWIEDZIALNOŚCIĄ";5262591105;mazowieckie;Warszawa;Siedziba i Filia;True
751364000002283687;F.J. MARKETING CONCEPT SPÓŁKA Z OGRANICZONĄ ODPOWIEDZIALNOŚCIĄ;5342539294;mazowieckie;Raszyn;Siedziba i Filia;True
751364000001883932;FAMIL-MED KWIDZYN SPÓŁKA Z OGRANICZONĄ ODPOWIEDZIALNOŚCIĄ;5811964941;pomorskie;Kwidzyn;Siedziba i Filia;True
751364000002283720;PRZYCHODNIA MORSKA JANCZEWSCY SPÓŁKA Z OGRANICZONĄ ODPOWIEDZIALNOŚCIĄ;5842729678;pomorskie;Gdańsk;Siedziba i Filia;True
751364000002300490;"NIEPUBLICZNY ZAKŁAD OPIEKI ZDROWOTNEJ OŚRODEK WCZESNEJ DIAGNOSTYKI I LECZENIA NOWOTWORÓW; SPECJALISTYCZNA PRAKTYKA LEKARSKA JERZY WYDMAŃSKI";6441039750;śląskie;Sosnowiec;Siedziba i Filia;True
751364000002284084;STHETIC SPÓŁKA Z OGRANICZONĄ ODPOWIEDZIALNOŚCIĄ W LIKWIDACJI;7010360100;mazowieckie;Warszawa;Siedziba i Filia;True
751364000002284099;EGO AGNIESZKA SZEWCZYK, MONIKA PLUTA-GUZ SPÓŁKA JAWNA;7311986828;łódzkie;Ksawerów;Siedziba i Filia;True
751364000002284113;BRACZKOWSCY - MEDYCYNA JAKOŚCI ŻYCIA SPÓŁKA Z OGRANICZONĄ ODPOWIEDZIALNOŚCIĄ;7393947992;warmińsko-mazurskie;Olsztyn;Siedziba i Filia;True
751364000005392051;NIEPUBLICZNY ZAKŁAD OPIEKI ZDROWOTNEJ SUL - MED TOMASZ KLIMCZYK;7711400269;łódzkie;Sulejów;Siedziba i Filia;True
751364000005276449;POZCERO CM SPÓŁKA Z OGRANICZONĄ ODPOWIEDZIALNOŚCIĄ;7831519180;wielkopolskie;Poznań;Siedziba i Filia;True
751364000002284186;ANMED SPÓŁKA Z OGRANICZONĄ ODPOWIEDZIALNOŚCIĄ;8741795681;warmińsko-mazurskie;Nowe Miasto Lubawskie;Siedziba i Filia;True
751364000005411119;SAMODZIELNY PUBLICZNY ZAKŁAD OPIEKI ZDROWOTNEJ W CIEPŁOWODACH GMINNY OŚRODEK ZDROWIA;8871590894;dolnośląskie;Ciepłowody;Siedziba i Filia;True
751364000008822387;CENTRUM MEDYCZNE BIOVITALMED SPÓŁKA Z OGRANICZONĄ ODPOWIEDZIALNOŚCIĄ;9512574074;mazowieckie;Warszawa;Siedziba i Filia;True
751364000002301109;NIKAMED CENTRUM ZDROWIA MONIKA WALIGÓRA;9591348052;mazowieckie;Warszawa;Siedziba i Filia;True
751364000002272942;ULTRA MED SPÓŁKA Z OGRANICZONĄ ODPOWIEDZIALNOŚCIĄ;5361922350;mazowieckie;Legionowo;Siedziba i Filia;True
751364000002388630;SZPITAL ŚWIĘTEGO ŁUKASZA SPÓŁKA AKCYJNA;5472145493;śląskie;Bielsko-Biała;Siedziba i Filia;True
751364000002299045;MAŁY GABINET LEKARSKI Natalia Rogińska;1132744904;mazowieckie;Warszawa;Siedziba i Filia;True
751364000002275075;SAN-CREDO-MED SPÓŁKA Z OGRANICZONĄ ODPOWIEDZIALNOŚCIĄ SPÓŁKA KOMANDYTOWA;1132945554;mazowieckie;Warszawa;Siedziba i Filia;True
751364000001883872;GMINNY SAMODZIELNY PUBLICZNY ZAKŁAD LECZNICTWA OTWARTEGO W OŻAROWIE MAZOWIECKIM;1181531025;mazowieckie;Ożarów Mazowiecki;Siedziba i Filia;True
751364000002293946;AGNIESZKA JEZIERSKA;1230859927;mazowieckie;Józefosław;Siedziba i Filia;True
751364000001883875;"""CENTRUM MEDYCZNE PUŁAWSKA"" SPÓŁKA Z OGRANICZONĄ ODPOWIEDZIALNOŚCIĄ";1230955789;mazowieckie;Piaseczno;Siedziba i Filia;True
751364000002291802;JOANNA WOLANIN PRYWATNA PRAKTYKA LEKARSKA;1231166310;mazowieckie;Józefosław;Siedziba i Filia;True
751364000020798945;MAL MED SPÓŁKA Z OGRANICZONĄ ODPOWIEDZIALNOŚCIĄ;1231400059;mazowieckie;Józefosław;Siedziba i Filia;True
751364000002280677;"""KLINIKA MEDYCZNA NA REYMONTA ELŻBIETA GŁÓWKA SPÓŁKA JAWNA""";1251613611;mazowieckie;Radzymin;Siedziba i Filia;True
751364000002278059;CENTRUM MULTI-MEDICA SPÓŁKA Z OGRANICZONĄ ODPOWIEDZIALNOŚCIĄ;1251615366;mazowieckie;Zielonka;Siedziba i Filia;True
751364000002282741;SAFIMED SPÓŁKA Z OGRANICZONĄ ODPOWIEDZIALNOŚCIĄ;5130277524;małopolskie;Zabierzów;Siedziba i Filia;True
751364000002286789;PRZYCHODNIA PROSMED SPÓŁKA CYWILNA SŁAWOMIR GAJDKA,MARCIN ŁASZEWSKI;5140339155;wielkopolskie;Grabów nad Prosną;Siedziba i Filia;True
751364000002285180;TERAGRA SPÓŁKA CYWILNA;5212953687;mazowieckie;Warszawa;Siedziba i Filia;True
751364000002273397;KLINIKA KRAJEWSKI SPÓŁKA JAWNA;5213746683;mazowieckie;Warszawa;Siedziba i Filia;True
751364000002274509;YOUR MED SPÓŁKA Z OGRANICZONĄ ODPOWIEDZIALNOŚCIĄ;5213761754;mazowieckie;Warszawa;Siedziba i Filia;True
751364000002278963;STOMATOLOGIA RODZINNA SPÓŁKA Z OGRANICZONĄ ODPOWIEDZIALNOŚCIĄ;5213785861;mazowieckie;Warszawa;Siedziba i Filia;True
751364000001889612;GAJDA-MED ROBERT GAJDA SPÓŁKA JAWNA;5213803056;mazowieckie;Warszawa;Siedziba i Filia;True
751364000002282712;CENTRUM TERAPII ALMA WARSZAWA SPÓŁKA Z OGRANICZONĄ ODPOWIEDZIALNOŚCIĄ;5213937561;mazowieckie;Warszawa;Siedziba i Filia;True
751364000002389148;FRACTAL CONCEPT SPÓŁKA Z OGRANICZONĄ ODPOWIEDZIALNOŚCIĄ;5213939643;lubelskie;Lublin;Siedziba i Filia;True
751364000021168998;LAMA CLINIC SPÓŁKA Z OGRANICZONĄ ODPOWIEDZIALNOŚCIĄ;5214065844;mazowieckie;Warszawa;Siedziba i Filia;True
751364000002213468;SAMODZIELNY ZESPÓŁ PUBLICZNYCH ZAKŁADÓW LECZNICTWA OTWARTEGO WARSZAWA BEMOWO-WŁOCHY;5222586517;mazowieckie;Warszawa;Siedziba i Filia;True
751364000002293961;1) PRIMESOFT KRYSTIAN ADAMCZYK 2) EDENT KRYSTIAN ADAMCZYK;5242734458;mazowieckie;Warszawa;Siedziba i Filia;True
751364000002291412;GABINET LEKARSKI WOJCIECH GRZYBOWSKI;5251167450;;;Siedziba i Filia;True
751364000002275055;WILLET MED SPÓŁKA Z OGRANICZONĄ ODPOWIEDZIALNOŚCIĄ;5272163227;mazowieckie;Warszawa;Siedziba i Filia;True
751364000002275440;LA PERLA SPÓŁKA Z OGRANICZONĄ ODPOWIEDZIALNOŚCIĄ;5272525400;mazowieckie;Warszawa;Siedziba i Filia;True
751364000002388975;POVO SPÓŁKA Z OGRANICZONĄ ODPOWIEDZIALNOŚCIĄ;5272883393;mazowieckie;Warszawa;Siedziba i Filia;True
751364000002273322;PRIMA VITA CLINIC SPÓŁKA Z OGRANICZONĄ ODPOWIEDZIALNOŚCIĄ;5273075927;mazowieckie;Warszawa;Siedziba i Filia;True
751364000002273311;ORTOARTE SPÓŁKA Z OGRANICZONĄ ODPOWIEDZIALNOŚCIĄ;5342637602;mazowieckie;Raszyn;Siedziba i Filia;True
751364000028698198;PLATFORMA MEDYCZNA MIL-MED SPÓŁKA Z OGRANICZONĄ ODPOWIEDZIALNOŚCIĄ;5361982286;mazowieckie;Legionowo;Siedziba i Filia;True
751364000002274956;VILLA MED SPÓŁKA Z OGRANICZONĄ ODPOWIEDZIALNOŚCIĄ;5423246231;podlaskie;Białystok;Siedziba i Filia;True
751364000038093949;BIO DENTAL CLINIC DR N.MED. KATARZYNA TARASZKIEWICZ-SULIK SPÓŁKA JAWNA;5423475055;podlaskie;Białystok;Siedziba i Filia;True
751364000002273396;POLI-MED BIELSKO SPÓŁKA Z OGRANICZONĄ ODPOWIEDZIALNOŚCIĄ GALENA SPÓŁKA KOMANDYTOWA;5471801179;śląskie;Bielsko-Biała;Siedziba i Filia;True
751364000002289683;"NIEPUBLICZNY ZAKŁAD OPIEKI ZDROWOTNEJ GRUPOWA PRAKTYKA LEKARZA RODZINNEGO ""ALFA-MED"" S.C.";5471868077;śląskie;Bielsko-Biała;Siedziba i Filia;True
751364000002276072;CENTRUM MEDYCZNE CORVITA GRZEGORZ GAŁUSZKA, RAFAŁ KLUBA SPÓŁKA JAWNA;5472071599;śląskie;Bielsko-Biała;Siedziba i Filia;True
751364000002273399;CENTRUM MEDYCZNE GWINNER SPÓŁKA KOMANDYTOWA;5472211600;śląskie;Bielsko-Biała;Siedziba i Filia;True
751364000002276559;ASTRA - MED CENTRUM MEDYCZNE SPÓŁKA Z OGRANICZONĄ ODPOWIEDZIALNOŚCIĄ;5482671929;śląskie;Cieszyn;Siedziba i Filia;True
751364000002290882;"CENTRUM MEDYCZNE ""KĄCIK"" TEODOZJA KULIGOWSKA-ŻAK";5511752181;małopolskie;Andrychów;Siedziba i Filia;True
751364000002388609;NEUROCENTRUM MERTA SPÓŁKA JAWNA;5512618154;małopolskie;Jaroszowice;Siedziba i Filia;True
751364000002278537;"""ALTE"" SPÓŁKA Z OGRANICZONĄ ODPOWIEDZIALNOŚCIĄ";5551773485;pomorskie;Chojnice;Siedziba i Filia;True
751364000002388552;BEREZOWSCY CLINIC MICHAŁ BEREZOWSKI;5641762829;lubelskie;Krasnystaw;Siedziba i Filia;True
751364000002273432;"PRZYCHODNIA ""NA WZGÓRZU"" SPÓŁKA Z OGRANICZONĄ ODPOWIEDZIALNOŚCIĄ";5833152707;pomorskie;Gdańsk;Siedziba i Filia;True
751364000001883937;PRZYCHODNIA BALTIMED SPÓŁKA Z OGRANICZONĄ ODPOWIEDZIALNOŚCIĄ SPÓŁKA KOMANDYTOWA;5840300511;pomorskie;Gdańsk;Siedziba i Filia;True
751364000002388439;"NIEPUBLICZNY ZAKŁAD OPIEKI ZDROWOTNEJ ""ŚRÓDMIEŚCIE"" SPÓŁKA Z OGRANICZONĄ ODPOWIEDZIALNOŚCIĄ";5862054580;pomorskie;Gdynia;Siedziba i Filia;True
751364000002388435;HMS ASSISTANCE WATOŁA SPÓŁKA KOMANDYTOWO-AKCYJNA;5862324364;pomorskie;Gdynia;Siedziba i Filia;True
751364000002279085;"""CENTRUM MEDYCZNE"" SPÓŁKA Z OGRANICZONĄ ODPOWIEDZIALNOŚCIĄ";5932264183;pomorskie;Pruszcz Gdański;Siedziba i Filia;True
751364000002272336;SAMODZIELNY PUBLICZNY ZESPÓŁ OPIEKI ZDROWOTNEJ W BOGATYNI;6151794076;dolnośląskie;Bogatynia;Siedziba i Filia;True
751364000002284680;ZESPÓŁ LEKARZY RODZINNYCH WYSOCZAŃSCY, STANISŁAW WYSOCZAŃSKI, ANETA WYSOCZAŃSKA SPÓŁKA Z OGRANICZONĄ ODPOWIEDZIALNOŚCIĄ;6151800374;zachodniopomorskie;Gryfice;Siedziba i Filia;True
751364000002388059;TOP-MED SPÓŁKA Z OGRANICZONĄ ODPOWIEDZIALNOŚCIĄ;6262917748;śląskie;Bytom;Siedziba i Filia;True
751364000002388019;"MOCZAŁA STANISŁAWA NIEPUBLICZNY ZAKŁAD OPIEKI ZDROWOTNEJ ""MEDYKAN""";6331816767;śląskie;Jastrzębie-Zdrój;Siedziba i Filia;True
751364000002274908;PROVITA SPÓŁKA Z OGRANICZONĄ ODPOWIEDZIALNOŚCIĄ;6342531873;śląskie;Katowice;Siedziba i Filia;True
751364000002273037;SZPITAL EUROMEDIC SPÓŁKA AKCYJNA;6342848819;śląskie;Katowice;Siedziba i Filia;True
751364000002281147;GYNCENTRUM SPÓŁKA Z OGRANICZONĄ ODPOWIEDZIALNOŚCIĄ;6342963845;śląskie;Katowice;Siedziba i Filia;True
751364000002283756;NEOS STOMATOLOGIA ŚLĄSK SPÓŁKA Z OGRANICZONĄ ODPOWIEDZIALNOŚCIĄ;6343003900;śląskie;Katowice;Siedziba i Filia;True
751364000002293889;ALIMED CENTRUM MEDYCZNE ALINA ZAKRZEWSKA;6351022792;śląskie;Mikołów;Siedziba i Filia;True
751364000002289685;POLIMED S.C. I. KOWALSKA, D. KOWALSKI, F. KOWALSKI;6443444199;śląskie;Sosnowiec;Siedziba i Filia;True
751364000002276614;"CENTRUM MEDYCZNE ""EKO-PROF-MED"" SPÓŁKA Z OGRANICZONĄ ODPOWIEDZIALNOŚCIĄ";6452157080;śląskie;Miasteczko Śląskie;Siedziba i Filia;True
751364000002284651;PROFILDENT SPÓŁKA Z OGRANICZONĄ ODPOWIEDZIALNOŚCIĄ;6511011634;śląskie;Bielsko-Biała;Siedziba i Filia;True
751364000004555621;SERWIS OPIEKA SPÓŁKA Z OGRANICZONĄ ODPOWIEDZIALNOŚCIĄ;6751774001;małopolskie;Kraków;Siedziba i Filia;True
751364000007558883;RP CLINIC SPÓŁKA Z OGRANICZONĄ ODPOWIEDZIALNOŚCIĄ;6762594320;małopolskie;Kraków;Siedziba i Filia;True
751364000002279506;"""WÓJTOWSKA - LEKARZE RODZINNI ANNA ZAJĄCZKOWSKA I PARTNERZY""";6772126141;małopolskie;Kraków;Siedziba i Filia;True
751364000002292251;ADAM NAZIM EMED GABINET ENDOKRYNOLOGICZNY;6791784448;małopolskie;Kraków;Siedziba i Filia;True
751364000002387467;INSMIND SPÓŁKA Z OGRANICZONĄ ODPOWIEDZIALNOŚCIĄ;6793115964;małopolskie;Kraków;Siedziba i Filia;True
751364000002284072;ARBOVITA SPÓŁKA Z OGRANICZONĄ ODPOWIEDZIALNOŚCIĄ;6793240416;małopolskie;Czarnochowice;Siedziba i Filia;True
751364000002274021;CERTUS SPÓŁKA Z OGRANICZONĄ ODPOWIEDZIALNOŚCIĄ;6811875592;małopolskie;Myślenice;Siedziba i Filia;True
751364000002273003;SANO - MED SPÓŁKA Z OGRANICZONĄ ODPOWIEDZIALNOŚCIĄ;6821560039;małopolskie;Nowe Brzesko;Siedziba i Filia;True
751364000002279665;"""MEDICUS - DUKLA"" SPÓŁKA Z OGRANICZONĄ ODPOWIEDZIALNOŚCIĄ";6842294169;podkarpackie;Dukla;Siedziba i Filia;True
751364000002873097;ENDODENTIST GABINET STOMATOLOGICZNY MARCIN SARNECKI;6852178654;małopolskie;Kraków;Siedziba i Filia;True
751364000002273859;"""MIEDZIOWE CENTRUM ZDROWIA"" SPÓŁKA AKCYJNA";6921009016;dolnośląskie;Lubin;Siedziba i Filia;True
751364000002275936;"""ARTES"" SPÓŁKA Z OGRANICZONĄ ODPOWIEDZIALNOŚCIĄ";6972093179;wielkopolskie;Leszno;Siedziba i Filia;True
751364000002277474;"NIEPUBLICZNY ZAKŁAD OPIEKI ZDROWOTNEJ PRZYCHODNIA LEKARSKA ""RAWMED"" SPÓŁKA Z OGRANICZONĄ ODPOWIEDZIALNOŚCIĄ";6991824359;wielkopolskie;Rawicz;Siedziba i Filia;True
751364000002281563;STOMATOLOGIA UŚMIECHNIJ SIĘ SPÓŁKA Z OGRANICZONĄ ODPOWIEDZIALNOŚCIĄ;7010575912;pomorskie;Człuchów;Siedziba i Filia;True
751364000030293042;DESO ANNA WOJCIECHOWSKA;7122100781;mazowieckie;Warszawa;Siedziba i Filia;True
751364000002213957;SAMODZIELNY PUBLICZNY ZAKŁAD OPIEKI ZDROWOTNEJ W KRAŚNIKU;7151590090;lubelskie;Kraśnik;Siedziba i Filia;True
751364000002275901;AKADEMIA ZDROWIA SPÓŁKA Z OGRANICZONĄ ODPOWIEDZIALNOŚCIĄ SPÓŁKA KOMANDYTOWA;7252053979;łódzkie;Łódź;Siedziba i Filia;True
751364000002213391;"MIEJSKIE CENTRUM MEDYCZNE ""POLESIE"" W ŁODZI";7272408670;łódzkie;Łódź;Siedziba i Filia;True
751364000002292337;"CENTRUM MEDYCZNE ,,MEDINEA"" - ANNA WŁODARCZYK";7282277436;łódzkie;Kraszew;Siedziba i Filia;True
751364000002213380;FUNDACJA JIM;7282455613;łódzkie;Łódź;Siedziba i Filia;True
751364000002386913;GRAND MEDICAL CLINIC SPÓŁKA Z OGRANICZONĄ ODPOWIEDZIALNOŚCIĄ;7282886106;łódzkie;Łódź;Siedziba i Filia;True
751364000002276015;KRÓLEWSKA SPÓŁKA Z OGRANICZONĄ ODPOWIEDZIALNOŚCIĄ;7292689790;łódzkie;Łódź;Siedziba i Filia;True
751364000002283109;HEMOKLINIKA SPÓŁKA Z OGRANICZONĄ ODPOWIEDZIALNOŚCIĄ;7292732327;łódzkie;Łódź;Siedziba i Filia;True
751364000002277074;"""ESKULAP PABIANICE"" SPÓŁKA Z OGRANICZONĄ ODPOWIEDZIALNOŚCIĄ";7311922478;łódzkie;Pabianice;Siedziba i Filia;True
751364000008851714;CENTRUM MEDYCZNE STOLARSKA SPÓŁKA Z OGRANICZONĄ ODPOWIEDZIALNOŚCIĄ;7343564668;małopolskie;Nowy Sącz;Siedziba i Filia;True
751364000027926025;LA DENTICA SPÓŁKA Z OGRANICZONĄ ODPOWIEDZIALNOŚCIĄ;7361737843;małopolskie;Zakopane;Siedziba i Filia;True
751364000001889613;OLSZTYŃSKIE CENTRUM REHABILITACJI LEK. MED. URSZULA HURA - RUITENBACH SPÓŁKA Z OGRANICZONĄ ODPOWIEDZIALNOŚCIĄ;7393959239;warmińsko-mazurskie;Olsztyn;Siedziba i Filia;True
751364000002272956;WEKK SPÓŁKA Z OGRANICZONĄ ODPOWIEDZIALNOŚCIĄ;7393992515;warmińsko-mazurskie;Olsztyn;Siedziba i Filia;True
751364000002282086;SZPITAL MIEJSKI W MORĄGU SPÓŁKA Z OGRANICZONĄ ODPOWIEDZIALNOŚCIĄ;7412125217;warmińsko-mazurskie;Morąg;Siedziba i Filia;True
751364000002386521;CENTRUM DIAGNOSTYCZNO-TERAPEUTYCZNE PSYCHOMED IMIENIA HENRYKA BLAJERA MAREK BLAJER.;7521078623;opolskie;Opole;Siedziba i Filia;True
751364000002280681;NAMYSŁOWSKIE CENTRUM ZDROWIA SPÓŁKA Z OGRANICZONĄ ODPOWIEDZIALNOŚCIĄ;7521428193;opolskie;Namysłów;Siedziba i Filia;True
751364000002277571;OPTIMA MEDYCYNA SPÓŁKA AKCYJNA;7551001140;opolskie;Opole;Siedziba i Filia;True
751364000002272502;SAMODZIELNY PUBLICZNY ZAKŁAD OPIEKI ZDROWOTNEJ W ZELOWIE;7691965895;łódzkie;Zelów;Siedziba i Filia;True
751364000002386405;TOMMA DIAGNOSTYKA OBRAZOWA SPÓŁKA AKCYJNA;7771059609;wielkopolskie;Poznań;Siedziba i Filia;True
751364000002290762;SPECJALISTYCZNA PRAKTYKA LEKARSKA MAGDALENA ZAJKOWSKA;7772930837;wielkopolskie;Poznań;Siedziba i Filia;True
751364000002279029;"ZESPÓŁ LEKARZA RODZINNEGO ""PROMYK"" SPÓŁKA Z OGRANICZONĄ ODPOWIEDZIALNOŚCIĄ";7792081755;wielkopolskie;Poznań;Siedziba i Filia;True
751364000002272980;PRO SPA SPÓŁKA Z OGRANICZONĄ ODPOWIEDZIALNOŚCIĄ;7792312597;wielkopolskie;Poznań;Siedziba i Filia;True
751364000002276396;NASMEDICA SPÓŁKA Z OGRANICZONĄ ODPOWIEDZIALNOŚCIĄ;7861700286;wielkopolskie;Środa Wielkopolska;Siedziba i Filia;True
751364000002277514;"NIEPUBLICZNY ZAKŁAD OPIEKI ZDROWOTNEJ ""ZIEL - MED"" ZIELIŃSKI SPÓŁKA JAWNA";7972053559;mazowieckie;Grójec;Siedziba i Filia;True
751364000002385607;`ALTURA` KONRAD PŁOCHOCKI;8222108736;pomorskie;Gdańsk;Siedziba i Filia;True
751364000001889072;SAMODZIELNY PUBLICZNY MIEJSKI ZAKŁAD OPIEKI ZDROWOTNEJ W SŁUPSKU;8392559082;pomorskie;Słupsk;Siedziba i Filia;True
751364000001889073;NZOZ PRZYCHODNIA RODZINNA I MEDYCYNY PRACY LEK. MED. JOANNA ADAMSKA;8441204983;podlaskie;Suwałki;Siedziba i Filia;True
751364000002272429;SAMODZIELNY PUBLICZNY ZAKŁAD OPIEKI ZDROWOTNEJ W SEJNACH;8441784785;podlaskie;Sejny;Siedziba i Filia;True
751364000002213438;WOJEWÓDZKI OŚRODEK MEDYCYNY PRACY - ZACHODNIOPOMORSKIE CENTRUM LECZENIA I PROFILAKTYKI W SZCZECINIE;8522191262;zachodniopomorskie;Szczecin;Siedziba i Filia;True
751364000002213368;SAMODZIELNY PUBLICZNY ZAKŁAD OPIEKI ZDROWOTNEJ W LIPIANACH;8531381849;zachodniopomorskie;Lipiany;Siedziba i Filia;True
751364000002277013;CENTRUM MEDYCZNO-DIAGNOSTYCZNE SPÓŁKA Z OGRANICZONĄ ODPOWIEDZIALNOŚCIĄ;8652573275;podkarpackie;Stalowa Wola;Siedziba i Filia;True
751364000004238060;MACIEJ MASZEWSKI;8762397402;kujawsko-pomorskie;Grudziądz;Siedziba i Filia;True
751364000002275980;A2 CLINIC A.KRAWCZYK - JAGMIN, A.KOSIŃSKA SPÓŁKA JAWNA;8862913760;dolnośląskie;Wałbrzych;Siedziba i Filia;True
751364000002293447;NIEPUBLICZNY ZAKŁAD OPIEKI ZDROWOTNEJ - PRZYCHODNIA RODZINNA EDYTA STEFANIAK-MANSOUR;8911057405;kujawsko-pomorskie;Aleksandrów Kujawski;Siedziba i Filia;True
751364000002273024;SUPERMED CENTRUM MEDYCZNE SPÓŁKA Z OGRANICZONĄ ODPOWIEDZIALNOŚCIĄ;8943129987;dolnośląskie;Wrocław;Siedziba i Filia;True
751364000032504359;ULTRA MR SPÓŁKA Z OGRANICZONĄ ODPOWIEDZIALNOŚCIĄ;8943163866;dolnośląskie;Wrocław;Siedziba i Filia;True
751364000001889582;CENTRUM MEDYCZNE OMNI CLINIC SPÓŁKA Z OGRANICZONĄ ODPOWIEDZIALNOŚCIĄ;8982233588;dolnośląskie;Wrocław;Siedziba i Filia;True
751364000002284796;"""BROCH-MED"" SPÓŁKA CYWILNA J.KUPIEC I W.RADOMEK-SEBZDA";8992449491;dolnośląskie;Wrocław;Siedziba i Filia;True
751364000002274574;KLINIKA DOKTOR DUDA SPÓŁKA Z OGRANICZONĄ ODPOWIEDZIALNOŚCIĄ;8992829845;dolnośląskie;Wrocław;Siedziba i Filia;True
751364000002280639;CENTRUM MEDYCZNE MEDICONCEPT SPÓŁKA Z OGRANICZONĄ ODPOWIEDZIALNOŚCIĄ SPÓŁKA KOMANDYTOWA;8992835662;dolnośląskie;Wrocław;Siedziba i Filia;True
751364000002274522;DCG CENTRUM MEDYCZNE SPÓŁKA Z OGRANICZONĄ ODPOWIEDZIALNOŚCIĄ;8992853051;dolnośląskie;Wrocław;Siedziba i Filia;True
751364000004240298;"""PUBLICZNY ZAKŁAD LECZNICTWA AMBULATORYJNEGO W STRZELINIE""";9141401881;dolnośląskie;Strzelin;Siedziba i Filia;True
751364000002276529;CENTRUM MEDYCZNE MASZACHABA SPÓŁKA Z OGRANICZONĄ ODPOWIEDZIALNOŚCIĄ;9452005650;małopolskie;Kraków;Siedziba i Filia;True
751364000002384896;IPOKRZYKU.PL CENTRUM IMPLANTOLOGII I CYFROWEGO PROJEKTOWANIA UŚMIECHU SPÓŁKA Z OGRANICZONĄ ODPOWIEDZIALNOŚCIĄ;9452220437;małopolskie;Kraków;Siedziba i Filia;True
751364000010527527;R57 SPÓŁKA Z OGRANICZONĄ ODPOWIEDZIALNOŚCIĄ;9452262878;małopolskie;Kraków;Siedziba i Filia;True
751364000020135426;NEO DENTICA MARTA I MARIUSZ KOCHANOWSCY SPÓŁKA Z OGRANICZONĄ ODPOWIEDZIALNOŚCIĄ;9472007103;łódzkie;Łódź;Siedziba i Filia;True
751364000002290852;N.Z.O.Z. GLOBAL-DENT GABINET STOMATOLOGICZNY KRZYSZTOF JASIŃSKI;9482130704;mazowieckie;Radom;Siedziba i Filia;True
751364000001889583;SAMODZIELNY PUBLICZNY ZAKŁAD OPIEKI ZDROWOTNEJ MIEJSKA PRZYCHODNIA REJONOWA W KONIECPOLU;9491581180;śląskie;Koniecpol;Siedziba i Filia;True
751364000002280983;ALLMEDICA SPÓŁKA Z OGRANICZONĄ ODPOWIEDZIALNOŚCIĄ;9512355024;mazowieckie;Warszawa;Siedziba i Filia;True
751364000002280565;STOMATOLOGIA TOMASZ SAK SPÓŁKA Z OGRANICZONĄ ODPOWIEDZIALNOŚCIĄ;9512432256;mazowieckie;Warszawa;Siedziba i Filia;True
751364000002283142;HAIRMITAGE SPÓŁKA Z OGRANICZONĄ ODPOWIEDZIALNOŚCIĄ;9512489693;mazowieckie;Warszawa;Siedziba i Filia;True
751364000002275417;"DOMOWA OPIEKA MEDYCZNA ""DO-MED"" SPÓŁKA Z OGRANICZONĄ ODPOWIEDZIALNOŚCIĄ";9521999927;mazowieckie;Warszawa;Siedziba i Filia;True
751364000002274512;KLINIKA 37 SPÓŁKA Z OGRANICZONĄ ODPOWIEDZIALNOŚCIĄ;9522162143;mazowieckie;Warszawa;Siedziba i Filia;True
751364000002282649;PERIO-DENS SPÓŁKA Z OGRANICZONĄ ODPOWIEDZIALNOŚCIĄ;9532788855;kujawsko-pomorskie;Bydgoszcz;Siedziba i Filia;True
751364000002272009;"FUNDACJA ""UNIA BRACKA""";9541302823;śląskie;Ruda Śląska;Siedziba i Filia;True
751364000002390457;MY TOP CLINIC DER-MED AGNIESZKA HANDOR;9541845110;śląskie;Katowice;Siedziba i Filia;True
751364000008262321;HYGGE MEDCONCEPT SPÓŁKA Z OGRANICZONĄ ODPOWIEDZIALNOŚCIĄ;9542843426;śląskie;Katowice;Siedziba i Filia;True
751364000030175021;INDYWIDUALNA PRAKTYKA LEKARSKA MACIEJ MATERKA;9542846376;śląskie;Tychy;Siedziba i Filia;True
751364000002276548;"CENTRUM MEDYCZNE ""OLK-MED"" SPÓŁKA Z OGRANICZONĄ ODPOWIEDZIALNOŚCIĄ";9562296996;kujawsko-pomorskie;Toruń;Siedziba i Filia;True
751364000002279979;PRZYCHODNIA LEKARSKA OBŁUŻE II SPÓŁKA Z OGRANICZONĄ ODPOWIEDZIALNOŚCIĄ;9581371411;pomorskie;Gdynia;Siedziba i Filia;True
751364000002276096;MEDYCYNA PRACY & MEDYCYNA RODZINNA SPÓŁKA Z OGRANICZONĄ ODPOWIEDZIALNOŚCIĄ;9591628254;świętokrzyskie;Kielce;Siedziba i Filia;True
751364000002279532;CENTRUM MEDYCZNE ALFA-MED SPÓŁKA Z OGRANICZONĄ ODPOWIEDZIALNOŚCIĄ;9671354681;kujawsko-pomorskie;Bydgoszcz;Siedziba i Filia;True
751364000002283087;ULTRASONOGRAFIA WIELOPROFILOWA PRACOWNIA DIAGNOSTYCZNO-LEKARSKA SPÓŁKA Z OGRANICZONĄ ODPOWIEDZIALNOŚCIĄ;6490020992;śląskie;Zawiercie;Siedziba i Filia;True
751364000002213390;SAMODZIELNY PUBLICZNY GMINNY ZAKŁAD OPIEKI ZDROWOTNEJ W MIEJSCU PIASTOWYM;6842132478;podkarpackie;Miejsce Piastowe;Siedziba i Filia;True
751364000002277529;MED-PROFIL NIEPUBLICZNY ZAKŁAD OPIEKI ZDROWOTNEJ SPÓŁKA Z OGRANICZONĄ ODPOWIEDZIALNOŚCIĄ;9691431491;śląskie;Żernica;Siedziba i Filia;True
751364000002389462;CORTEN DENTAL SPÓŁKA Z OGRANICZONĄ ODPOWIEDZIALNOŚCIĄ;5242763721;mazowieckie;Warszawa;Siedziba i Filia;True
751364000002274474;REVITAMED SPÓŁKA Z OGRANICZONĄ ODPOWIEDZIALNOŚCIĄ;6482335959;śląskie;Zabrze;Siedziba i Filia;True
751364000015784021;1)NZOZ PLR UŚMIECH ARTUR PORĘBSKI 2) M.D. ARTUR PORĘBSKI3)M.D. ARTUR PORĘBSKI;9462104537;lubelskie;Niemce;Siedziba i Filia;True
751364000002281602;"NZOZ PRYWATNA PRAKTYKA STOMATOLOGICZNA ""MAR-DENT"" SPÓŁKA Z OGRANICZONĄ ODPOWIEDZIALNOŚCIĄ";4980264105;śląskie;Piekary Śląskie;Siedziba i Filia;True
751364000002282189;ACROMED SPÓŁKA Z OGRANICZONĄ ODPOWIEDZIALNOŚCIĄ;5213938129;mazowieckie;Warszawa;Siedziba i Filia;True
751364000002280604;SENIOR MED SPÓŁKA Z OGRANICZONĄ ODPOWIEDZIALNOŚCIĄ SPÓŁKA KOMANDYTOWA;5322061978;mazowieckie;Wiązowna;Siedziba i Filia;True
751364000020477098;ZDROWIE SPÓŁKA Z OGRANICZONĄ ODPOWIEDZIALNOŚCIĄ;5342646328;mazowieckie;Pruszków;Siedziba i Filia;True
751364000002272913;SAMODZIELNY PUBLICZNY ZESPÓŁ ZAKŁADÓW OPIEKI ZDROWOTNEJ W GLINOJECKU;5661854776;mazowieckie;Glinojeck;Siedziba i Filia;True
751364000002291812;MAGDALENA KOZŁOWSKA - CENTRUM MEDYCZNE ZDROWY PROFIL;5791775414;pomorskie;Gdańsk;Siedziba i Filia;True
751364000008815025;NZOZ SIGMA CLINICA SPÓŁKA Z OGRANICZONĄ ODPOWIEDZIALNOŚCIĄ;5862409617;pomorskie;Gdynia;Siedziba i Filia;True
751364000002213461;SAMODZIELNY PUBLICZNY ZAKŁAD OPIEKI ZDROWOTNEJ W KROTOSZYNIE;6211536551;wielkopolskie;Krotoszyn;Siedziba i Filia;True
751364000011093019;"""MEDIX"" SPÓŁKA Z OGRANICZONĄ ODPOWIEDZIALNOŚCIĄ";6462596645;śląskie;Lędziny;Siedziba i Filia;True
751364000002281639;ZESPÓŁ PORADNI SPECJALISTYCZNYCH NR 1 W TYCHACH SPÓŁKA Z OGRANICZONĄ ODPOWIEDZIALNOŚCIĄ;6462933717;śląskie;Tychy;Siedziba i Filia;True
751364000002272313;ZESPÓŁ OPIEKI ZDROWOTNEJ WE WŁOSZCZOWIE - SZPITAL POWIATOWY IM. JANA PAWŁA II;6561855908;świętokrzyskie;Włoszczowa;Siedziba i Filia;True
751364000002213867;SAMODZIELNY PUBLICZNY ZAKŁAD OPIEKI ZDROWOTNEJ W CHMIELNIKU;6572279727;świętokrzyskie;Chmielnik;Siedziba i Filia;True
751364000002280002;ANTONIA SPÓŁKA Z OGRANICZONĄ ODPOWIEDZIALNOŚCIĄ;6762231178;małopolskie;Kraków;Siedziba i Filia;True
751364000002288705;"NIEPUBLICZNY ZAKŁAD OPIEKI ZDROWOTNEJ ""NIWA-MED"" S.C.";7162351147;lubelskie;Puławy;Siedziba i Filia;True
751364000002276508;SZPITAL WOJEWÓDZKI W OPOLU SPÓŁKA Z OGRANICZONĄ ODPOWIEDZIALNOŚCIĄ;7543106048;opolskie;Opole;Siedziba i Filia;True
751364000002278129;TOMASZOWSKIE CENTRUM ZDROWIA SPÓŁKA Z OGRANICZONĄ ODPOWIEDZIALNOŚCIĄ;7732419096;łódzkie;Tomaszów Mazowiecki;Siedziba i Filia;True
751364000002386046;"INSTYTUT MEDYCYNY ESTETYCZNEJ ""DOLCE MEDICAL"" SPÓŁKA Z OGRANICZONĄ ODPOWIEDZIALNOŚCIĄ";7811976537;wielkopolskie;Poznań;Siedziba i Filia;True
751364000032628407;NIEPUBLICZNY ZAKŁAD OPIEKI ZDROWOTNEJ ŁOWICKA PRZYCHODNIA ZDROWIA SPÓŁKA Z OGRANICZONĄ ODPOWIEDZIALNOŚCIĄ;8341895634;łódzkie;Łowicz;Siedziba i Filia;True
751364000002390547;"PRAKTYKA LEKARZY ""KOPERNIK"" JACEK NAPIÓRKOWSKI SPÓŁKA JAWNA";8361567117;łódzkie;Skierniewice;Siedziba i Filia;True
751364000002291782;AURI MEDYCYNA ESTETYCZNA ALEKSANDRA ROKICKA;8381559144;mazowieckie;Żyrardów;Siedziba i Filia;True
751364000039250124;INFOTEL ZAKŁAD USŁUG TELEKOMUNIKACYJNYCH KOMPUTEROWYCH I ENERGETYCZNYCH MIECZYSŁAW GRABSKI;8511003127;zachodniopomorskie;Szczecin;Siedziba i Filia;True
751364000002275474;PRZYCHODNIA MEDIQ SPÓŁKA Z OGRANICZONĄ ODPOWIEDZIALNOŚCIĄ;9141570187;dolnośląskie;Strzelin;Siedziba i Filia;True
751364000002283140;CENTRUM MEDYCZNE POD FORTEM SPÓŁKA Z OGRANICZONĄ ODPOWIEDZIALNOŚCIĄ;9452243935;małopolskie;Kraków;Siedziba i Filia;True
751364000002272514;SAMODZIELNY ZESPÓŁ PUBLICZNYCH ZAKŁADÓW LECZNICTWA OTWARTEGO WARSZAWA-MOKOTÓW;9511874710;mazowieckie;Warszawa;Siedziba i Filia;True
751364000002390472;GRUPA PANDA MED HOLDING SPÓŁKA Z OGRANICZONĄ ODPOWIEDZIALNOŚCIĄ;9542863937;śląskie;Katowice;Siedziba i Filia;True
751364000002296431;"""RA-DENT"" STOMATOLOGIA - PROTETYKA RAFAŁ ZAWOJSKI";9551086309;zachodniopomorskie;Szczecin;Siedziba i Filia;True
751364000002290923;BLUEBALL KRZYSZTOF OLECH;6431621201;śląskie;Siemianowice Śląskie;Siedziba i Filia;True
751364000002277064;NOWE TECHNIKI MEDYCZNE SZPITAL SPECJALISTYCZNY IMIENIA ŚWIĘTEJ RODZINY SPÓŁKA Z OGRANICZONĄ ODPOWIEDZIALNOŚCIĄ;5170119412;podkarpackie;Rudna Mała;Siedziba i Filia;True
751364000002284662;CENTRUM STOMATOLOGICZNE SZAŁWIŃSCY SPÓŁKA Z OGRANICZONĄ ODPOWIEDZIALNOŚCIĄ;5213843848;mazowieckie;Warszawa;Siedziba i Filia;True
751364000002389147;SMOK CENTRUM MEDYCZNE SPÓŁKA Z OGRANICZONĄ ODPOWIEDZIALNOŚCIĄ;5214050972;mazowieckie;Warszawa;Siedziba i Filia;True
751364000002280993;CENTRUM MEDYCZNE ENEL-MED SPÓŁKA AKCYJNA;5242593360;mazowieckie;Warszawa;Siedziba i Filia;True
751364000032042781;FUTUREMED SPÓŁKA Z OGRANICZONĄ ODPOWIEDZIALNOŚCIĄ;5252991458;mazowieckie;Warszawa;Siedziba i Filia;True
751364000002282113;LADWA SPÓŁKA Z OGRANICZONĄ ODPOWIEDZIALNOŚCIĄ;5291836696;mazowieckie;Żyrardów;Siedziba i Filia;True
751364000001883912;"""CENTRUM MEDYCZNE JÓZEFÓW"" SPÓŁKA Z OGRANICZONĄ ODPOWIEDZIALNOŚCIĄ";5322028202;mazowieckie;Józefów;Siedziba i Filia;True
751364000008949834;SZPITAL ŚWIĘTEGO ŁUKASZA SPÓŁKA AKCYJNA;5472145493;śląskie;Bielsko-Biała;Siedziba i Filia;True
751364000002277544;"NIEPUBLICZNY ZAKŁAD OPIEKI ZDROWOTNEJ ""LEKARZ DOMOWY"" MICHAŁ SZYMCZAK, KAROL JANICKI SPÓŁKA JAWNA";5581603871;kujawsko-pomorskie;Szubin;Siedziba i Filia;True
751364000002388485;PRODENT IMPLANTY I ORTODONCJA SPÓŁKA Z OGRANICZONĄ ODPOWIEDZIALNOŚCIĄ;5832877696;pomorskie;Gdańsk;Siedziba i Filia;True
751364000002273528;PRZYCHODNIA ORŁOWO SPÓŁKA Z OGRANICZONĄ ODPOWIEDZIALNOŚCIĄ;5862059413;pomorskie;Gdynia;Siedziba i Filia;True
751364000030175770;SPECJALISTYCZNY GABINET LEKARSKI LEK. MED. KAROL KORYCKI;5991239293;mazowieckie;Zalesie;Siedziba i Filia;True
751364000002283119;MEDICUS 99 CZUCZMAN SPÓŁKA JAWNA;6332234955;śląskie;Jastrzębie-Zdrój;Siedziba i Filia;True
751364000002275975;MEDICAL BETA SPÓŁKA Z OGRANICZONĄ ODPOWIEDZIALNOŚCIĄ;6691113878;zachodniopomorskie;Koszalin;Siedziba i Filia;True
751364000002285585;MEDICOR S.C. NATALIA MAGIERSKA ,ANDRZEJ MAGIERSKI;6762339668;małopolskie;Kraków;Siedziba i Filia;True
751364000002387111;STHETIC SPÓŁKA Z OGRANICZONĄ ODPOWIEDZIALNOŚCIĄ W LIKWIDACJI;7010360100;mazowieckie;Warszawa;Siedziba i Filia;True
751364000028959633;LUSTRE SPÓŁKA Z OGRANICZONĄ ODPOWIEDZIALNOŚCIĄ;7011061836;mazowieckie;Warszawa;Siedziba i Filia;True
751364000002272308;SAMODZIELNY PUBLICZNY ZAKŁAD OPIEKI ZDROWOTNEJ W LIPNICY WIELKIEJ;7352175512;małopolskie;Lipnica Wielka;Siedziba i Filia;True
751364000002281000;OPTIVIA SPÓŁKA Z OGRANICZONĄ ODPOWIEDZIALNOŚCIĄ;7773239184;wielkopolskie;Swarzędz;Siedziba i Filia;True
751364000002276409;WERMEDICA SPÓŁKA Z OGRANICZONĄ ODPOWIEDZIALNOŚCIĄ SPÓŁKA KOMANDYTOWA;7812012333;wielkopolskie;Kiekrz;Siedziba i Filia;True
751364000002386001;RUBYMED SPÓŁKA Z OGRANICZONĄ ODPOWIEDZIALNOŚCIĄ;7831846909;wielkopolskie;Poznań;Siedziba i Filia;True
751364000002293249;ANTI-AGE AGATA PAKLA-MISIUR INDYWIDUALNA PRAKTYKA LEKARSKA;8191426345;podkarpackie;Rzeszów;Siedziba i Filia;True
751364000002288364;ORTODENTIKA - SPÓŁKA CYWILNA JACEK KUBICKI, AGNIESZKA KUBICKA;8252172928;lubelskie;Łuków;Siedziba i Filia;True
751364000002282187;NORTH MEDICAL HOLDING SPÓŁKA Z OGRANICZONĄ ODPOWIEDZIALNOŚCIĄ;8971861743;dolnośląskie;Wrocław;Siedziba i Filia;True
751364000002390581;DRIMPLANT SPÓŁKA Z OGRANICZONĄ ODPOWIEDZIALNOŚCIĄ;8971932839;dolnośląskie;Wrocław;Siedziba i Filia;True
751364000002289816;KM DENTAL EXPERTS S.C.;8992858060;dolnośląskie;Legnica;Siedziba i Filia;True
751364000002272445;"""PUBLICZNY ZAKŁAD LECZNICTWA AMBULATORYJNEGO W STRZELINIE""";9141401881;dolnośląskie;Strzelin;Siedziba i Filia;True
751364000002278936;EDENTIKA SPÓŁKA Z OGRANICZONĄ ODPOWIEDZIALNOŚCIĄ;9223047931;lubelskie;Zamość;Siedziba i Filia;True
751364000002384540;MACROMEDICA SPÓŁKA Z OGRANICZONĄ ODPOWIEDZIALNOŚCIĄ;9522137470;mazowieckie;Warszawa;Siedziba i Filia;True
751364000020951457;CFL SPÓŁKA Z OGRANICZONĄ ODPOWIEDZIALNOŚCIĄ;9562347274;kujawsko-pomorskie;Toruń;Siedziba i Filia;True
751364000002384453;REVITAL.CLINIC SPÓŁKA Z OGRANICZONĄ ODPOWIEDZIALNOŚCIĄ;9581692285;pomorskie;Gdynia;Siedziba i Filia;True
751364000002276605;MOŚCICKIE CENTRUM MEDYCZNE SPÓŁKA Z OGRANICZONĄ ODPOWIEDZIALNOŚCIĄ;9930651966;małopolskie;Tarnów;Siedziba i Filia;True
